Cluster,ID,Year_Birth,Income,Kidhome,Teenhome,Recency,MntWines,MntFruits,MntMeatProducts,MntFishProducts,MntSweetProducts,MntGoldProds,NumDealsPurchases,NumWebPurchases,NumCatalogPurchases,NumStorePurchases,NumWebVisitsMonth,AcceptedCmp3,AcceptedCmp4,AcceptedCmp5,AcceptedCmp1,AcceptedCmp2,Complain,Response,Age,Education_nums,Marital_Status_nums,TotalChildren,HasChildren,Days_Since,RecencyRatio,TotalAccepted
0,0.0032992038586372,0.0903457107553937,-0.4981042307159363,0.4484682278190289,0.1400380871181991,-0.0119356833857823,-0.5539234534308578,-0.5492247571494316,-0.6184335066885278,-0.5625669099353505,-0.5553458853194532,-0.4224738720296612,0.1516837008336382,-0.3774205686881902,-0.6129638753751943,-0.531089094113241,0.4418162215273307,-0.0262689555269339,-0.1377004450477309,-0.2794141892542798,-0.2327290266681686,-0.1039716670179526,0.0052418205860876,-0.1521974636593272,-0.0903457107553937,0.0742672180259054,-0.0320123025750165,0.4225179872469878,0.4219309848376271,-0.0714766573853015,-0.0057297562104833,-0.2719567372605416
1,-0.0052925528721794,-0.1449317688252998,0.799054283965728,-0.7194286588295946,-0.224647827763537,0.0191471149075762,0.8885989741882677,0.8810613682792977,0.9920854158519108,0.9024647286273724,0.8908808265078074,0.6777287493095147,-0.243329615539876,0.605454649187807,0.9833110829650964,0.8519683023143726,-0.7087575707388377,0.0421404199256285,0.2208978035806441,0.4482337052297993,0.3733417913256533,0.1667904041335725,-0.0084088809867622,0.2441537891997121,0.1449317688252998,-0.1191387967866096,0.0513538451086993,-0.6777995185405694,-0.6768578546056463,0.1146622047461531,0.0091916228848033,0.4362705284575395
